{"loss": [1.8930798768997192], "val_loss": [0.4787997305393219], "C_loss": [1.0178805293482523e+23], "val_C_loss": [0.9411139488220215]}