{"loss": [0.1087150516324356, 0.01633376524340911, 0.010185330663426001, 0.006968490706878851, 0.005312815690260442, 0.0042877541492372506, 0.00362377023118258, 0.0031342229015789316, 0.0027609736941083046, 0.002464804817449118], "val_loss": [0.208443284034729, 0.1905560940504074, 0.16152827441692352, 0.1864643692970276, 0.15705950558185577, 0.1612549126148224, 0.15432114899158478, 0.1987558901309967, 0.16280540823936462, 0.14737094938755035]}