{"loss": [0.22930146561173553, 0.016088252834213727, 0.010239973526702008, 0.0063580952436578545, 0.004008645713011819, 0.002725128528916023, 0.0019116202641849998, 0.0014223650796338916, 0.0011208087486341935, 0.0009206079610686919], "C_loss": [Infinity, 0.2240908882496032, 0.17686711691997267, 0.1284851882268082, 0.08968465660952708, 0.06497947571121833, 0.05540355523540215, 0.035682985283942384, 0.031677387189120054, 0.03201953918588432], "cumulative_accuracy": [0.5006260275840759, 0.5264711380004883, 0.5399749875068665, 0.5389912128448486, 0.5568771362304688, 0.574673593044281, 0.5981041193008423, 0.6202825903892517, 0.6260060667991638, 0.6175997257232666], "val_loss": [0.0017531296471133828, 0.0014419095823541284, 0.0014510354958474636, 0.0013928974512964487, 0.0013465136289596558, 0.0014259362360462546, 0.0014005089178681374, 0.0013860237086191773, 0.0014841865049675107, 0.0013425520155578852], "val_C_loss": [0.034799277782440186, 0.028601650148630142, 0.1341436356306076, 0.16300234198570251, 0.023544495925307274, 0.10552965104579926, 0.02322167158126831, 0.03826330974698067, 0.21253055334091187, 0.10186538845300674], "val_cumulative_accuracy": [0.4353109300136566, 0.564689040184021, 0.4353109300136566, 0.4353109300136566, 0.4924946427345276, 0.564689040184021, 0.564689040184021, 0.436740517616272, 0.4353109300136566, 0.4353109300136566], "test_loss": null, "test_C_loss": null, "test_cumulative_accuracy": null}